{"cameraMode":{"drawMode":2,"name":"Shaded Wireframe","section":"Shading Mode"},"sceneLighting":false,"audioPlay":false,"sceneViewState":{"showFog":true,"showMaterialUpdate":false,"showSkybox":true,"showFlares":true,"showImageEffects":true,"showParticleSystems":true},"in2DMode":false,"pivot":{"x":0.0,"y":-0.022749995812773706,"z":0.002200007438659668},"rotation":{"x":0.15522995591163636,"y":0.7009091377258301,"z":-0.16066588461399079,"w":0.6773599982261658},"size":0.7231248617172241,"orthographic":true}