{"cameraMode":{"drawMode":2,"name":"Shaded Wireframe","section":"Shading Mode"},"sceneLighting":true,"audioPlay":false,"sceneViewState":{"showFog":true,"showMaterialUpdate":false,"showSkybox":true,"showFlares":true,"showImageEffects":true,"showParticleSystems":true},"in2DMode":false,"pivot":{"x":0.19814424216747285,"y":-0.22707439959049226,"z":-2.1430745124816896},"rotation":{"x":0.3034074008464813,"y":0.027714235708117486,"z":-0.008829664438962937,"w":0.9524168968200684},"size":2.193375825881958,"orthographic":false}