{"cameraMode":{"drawMode":2,"name":"Shaded Wireframe","section":"Shading Mode"},"sceneLighting":true,"audioPlay":false,"sceneViewState":{"showFog":true,"showMaterialUpdate":false,"showSkybox":true,"showFlares":true,"showImageEffects":true,"showParticleSystems":true},"in2DMode":false,"pivot":{"x":-0.031643107533454898,"y":7.008559703826904,"z":-3.8322389125823976},"rotation":{"x":0.41359326243400576,"y":0.04284846410155296,"z":-0.019491633400321008,"w":0.9092440605163574},"size":0.3714469075202942,"orthographic":false}